benchmark,category,tool,mean_time,stdev,min_time,max_time
clinical_trial,baseline,slice,0.009322245915730795,0.001729020088928256,0.007362842559814453,0.010633707046508789
clinical_trial,baseline,sppl,0.35594868659973145,0.005945059060580828,0.34926342964172363,0.3606419563293457
